{
  "ndcg_at_k": {
    "mean_diff": 0.0030096360274578537,
    "ci_2_5": -0.010062215844611188,
    "ci_97_5": 0.015470417107299685,
    "prob_diff_gt_zero": 0.6796666666666666
  },
  "map_at_k": {
    "mean_diff": 0.0038125000000000017,
    "ci_2_5": -0.007459375,
    "ci_97_5": 0.01518854166666667,
    "prob_diff_gt_zero": 0.7513333333333333
  },
  "recall_at_k": {
    "mean_diff": 0.0,
    "ci_2_5": -0.0225,
    "ci_97_5": 0.0225,
    "prob_diff_gt_zero": 0.47733333333333333
  },
  "precision_at_k": {
    "mean_diff": -1.3877787807814457e-19,
    "ci_2_5": -0.0045000000000000005,
    "ci_97_5": 0.0045000000000000005,
    "prob_diff_gt_zero": 0.499
  }
}