model,precision_at_k,recall_at_k,map_at_k,ndcg_at_k
time_decay,0.09225,0.46125,0.23875,0.2935671720939536
profile_baseline,0.09225,0.46125,0.2349375,0.29055753606649576
hybrid_semantic,0.09175000000000001,0.45875,0.23341666666666666,0.2887617698020542
neural_cf,0.06775,0.33875,0.15181250000000002,0.19750654242558752
lightgcn,0.06275,0.31375,0.15331250000000002,0.19261339599580424
implicit_mf,0.066,0.33,0.14597916666666666,0.19108033194500976
item_knn,0.064,0.32,0.14741666666666667,0.18950229718785788
