model,mean_precision_at_k,std_precision_at_k,mean_recall_at_k,std_recall_at_k,mean_map_at_k,std_map_at_k,mean_ndcg_at_k,std_ndcg_at_k
hybrid_semantic,0.091,0.0024494897427831826,0.45499999999999996,0.012247448713915901,0.22753750000000003,0.004054168807810325,0.28331367207852487,0.005004675690122337
time_decay,0.09154999999999999,0.0019153981309377958,0.45775,0.009576990654688984,0.2254375,0.013708404571750054,0.2824300646098422,0.011556686463199926
profile_baseline,0.09029999999999999,0.003027994385727952,0.45149999999999996,0.01513997192863976,0.22619166666666665,0.0066486638434183,0.28149552329307304,0.008113317520741525
implicit_mf,0.07235,0.0038511361959816443,0.36175,0.019255680979908235,0.16799999999999998,0.013154398292755335,0.21553426911713625,0.01445152919912072
item_knn,0.07225000000000001,0.004636809247747854,0.36124999999999996,0.023184046238739257,0.16802083333333334,0.012473478809502626,0.21533735863300887,0.014949939116091127
